id,confounder,control,evidence,patterns,n_found,found,check
1,CUDA-graph mode,pinned FULL_AND_PIECEWISE; arms G1/G2,capture log lines; trace graphId per kernel,raw/*/effective_config.json raw/*/trace_summary.json,60,raw/P0-bench_latency_xcheck-TP1-base-r0-e1bd7e77/effective_config.json; raw/P0-bench_latency_xcheck-TP2-base-r0-c90f2110/effective_config.json; raw/P0-offline-TP1-G2-r0-330b46b7/effective_config.json,
2,Prefix caching,off plus random prompts; arm PC-on,/metrics prefix-cache counters before/after,raw/*/sub-*/metrics_before.prom raw/*/sub-*/metrics_after.prom,172,raw/P0-smoke-DP2-base-r0-7bcd8c16/sub-0/metrics_before.prom; raw/P0-smoke-TP1-base-r0-92920a15/sub-0/metrics_before.prom; raw/P0-smoke-TP2-base-r0-019687c7/sub-0/metrics_before.prom,prefix-cache hits outside arm PCon: 0
3,Chunked prefill / batch budget,pinned 8192 everywhere; prefill sizes <= 8192; two-length decode difference,Chunked prefill is enabled with max_num_batched_tokens=8192.,raw/*/effective_config.json,48,raw/P0-bench_latency_xcheck-TP1-base-r0-e1bd7e77/effective_config.json; raw/P0-bench_latency_xcheck-TP2-base-r0-c90f2110/effective_config.json; raw/P0-offline-TP1-G2-r0-330b46b7/effective_config.json,48/48 boots log max_num_batched_tokens=8192
4,Warmup / cold caches,one throwaway start per config; offline 5/3 warmups; online --num-warmups 16,per-iteration latencies kept; startup timings,raw/*/points/point-*.json raw/*/cmd.json,149,raw/P0-offline-TP1-G2-r0-330b46b7/points/point-decode-b1-i1024-o320.json; raw/P0-offline-TP1-G2-r0-330b46b7/points/point-decode-b1-i1024-o64.json; raw/P0-offline-TP1-base-r0-bcd79c36/points/point-decode-b1-i1024-o320.json,
5,Tokenizer/detokenizer CPU,token-ID prompts offline; tokbench; per-process CPU sampling,"tokbench.json, cpu.csv",raw/*/tokbench.json raw/*/cpu.csv raw/*/sub-*/cpu.csv,147,raw/P1-tokbench-none-none-r0-f575cfd6/tokbench.json; raw/P0-bench_latency_xcheck-TP1-base-r0-e1bd7e77/cpu.csv; raw/P0-bench_latency_xcheck-TP2-base-r0-c90f2110/cpu.csv,
6,All-reduce implementation,baseline declared (FlashInfer fused); A-AR ladder,backend log lines; kernel names per step,raw/*/effective_config.json raw/*/trace_summary.json,60,raw/P0-bench_latency_xcheck-TP1-base-r0-e1bd7e77/effective_config.json; raw/P0-bench_latency_xcheck-TP2-base-r0-c90f2110/effective_config.json; raw/P0-offline-TP1-G2-r0-330b46b7/effective_config.json,
7,Scaling baseline,"TP1 on the same box, same flags; DP2 as the real alternative",same env.json,raw/*/env.json,1,raw/P0-envcapture-none-none-r0-4102a887/env.json,
8,Version drift,"image digest, vLLM 0.30.0, torch 2.13.0, NCCL, FlashInfer, driver, nsys","env.json, pip freeze, log lines",raw/*/env.json raw/*/*freeze* raw/*/effective_config.json,49,raw/P0-envcapture-none-none-r0-4102a887/env.json; raw/P0-bench_latency_xcheck-TP1-base-r0-e1bd7e77/effective_config.json; raw/P0-bench_latency_xcheck-TP2-base-r0-c90f2110/effective_config.json,
9,NVLink topology,NV18 hard gate,"topo.txt, nvlink.txt, M1/M3 busbw",raw/*/topo.txt raw/*/nvlink.txt raw/*/comm_rows.jsonl,13,raw/P0-envcapture-none-none-r0-4102a887/topo.txt; raw/P0-envcapture-none-none-r0-4102a887/nvlink.txt; raw/P0-comm_m2-none-none-r0-818ea63a/comm_rows.jsonl,
10,Clocks / thermals / power,200 ms monitor during every run; throttle-flagged runs,gpu.csv,raw/*/gpu.csv raw/*/sub-*/gpu.csv,146,raw/P0-bench_latency_xcheck-TP1-base-r0-e1bd7e77/gpu.csv; raw/P0-bench_latency_xcheck-TP2-base-r0-c90f2110/gpu.csv; raw/P0-comm_m2-none-none-r0-818ea63a/gpu.csv,83 throttle-flagged client runs
11,KV preemption,max_num_seqs and the rate grid; detect,/metrics preemption counters before/after,raw/*/sub-*/metrics_after.prom,86,raw/P0-smoke-DP2-base-r0-7bcd8c16/sub-0/metrics_after.prom; raw/P0-smoke-TP1-base-r0-92920a15/sub-0/metrics_after.prom; raw/P0-smoke-TP2-base-r0-019687c7/sub-0/metrics_after.prom,16 client runs with preemptions
12,Arrival process and seeds,"Poisson, seeds recorded; DP2-rand halves use different seeds",client argv; result JSON,raw/*/sub-*/meta.json raw/*/sub-*/result*.json raw/*/cmd.json,240,raw/P0-smoke-DP2-base-r0-7bcd8c16/sub-0/meta.json; raw/P0-smoke-TP1-base-r0-92920a15/sub-0/meta.json; raw/P0-smoke-TP2-base-r0-019687c7/sub-0/meta.json,
13,Sampler,"T=1.0, top_p=1.0 everywhere; --generation-config vllm",server log (no override warning),raw/*/effective_config.json,48,raw/P0-bench_latency_xcheck-TP1-base-r0-e1bd7e77/effective_config.json; raw/P0-bench_latency_xcheck-TP2-base-r0-c90f2110/effective_config.json; raw/P0-offline-TP1-G2-r0-330b46b7/effective_config.json,0 boots with the sampling-override warning
14,Engine-default drift (offline vs online),every engine flag pinned from one source,effective_config.json from logs,raw/*/effective_config.json,48,raw/P0-bench_latency_xcheck-TP1-base-r0-e1bd7e77/effective_config.json; raw/P0-bench_latency_xcheck-TP2-base-r0-c90f2110/effective_config.json; raw/P0-offline-TP1-G2-r0-330b46b7/effective_config.json,
15,Executor asymmetry (uni vs mp),declared; arm A-EXEC,config log line,raw/*/effective_config.json,48,raw/P0-bench_latency_xcheck-TP1-base-r0-e1bd7e77/effective_config.json; raw/P0-bench_latency_xcheck-TP2-base-r0-c90f2110/effective_config.json; raw/P0-offline-TP1-G2-r0-330b46b7/effective_config.json,"executors seen: None, mp, uni"
16,Box hygiene,"no foreign GPU processes, memory < 1 GiB before every start","preflight.json, per-run pre-check",raw/*/preflight.json,1,raw/P0-preflight-none-none-r0-4240e417/preflight.json,
17,Frontend capacity,1 API server in every config; arm A-API2,CPU% of the API-server process,raw/*/cpu.csv raw/*/sub-*/cpu.csv,146,raw/P0-bench_latency_xcheck-TP1-base-r0-e1bd7e77/cpu.csv; raw/P0-bench_latency_xcheck-TP2-base-r0-c90f2110/cpu.csv; raw/P0-comm_m2-none-none-r0-818ea63a/cpu.csv,41 client runs with a process above 80% of one core
18,Drift over the session,online rounds interleave configs (Latin square),round index in every row,raw/*/sub-*/meta.json,86,raw/P0-smoke-DP2-base-r0-7bcd8c16/sub-0/meta.json; raw/P0-smoke-TP1-base-r0-92920a15/sub-0/meta.json; raw/P0-smoke-TP2-base-r0-019687c7/sub-0/meta.json,
