round,arm,config,tpot_slo_ms,ttft_slo_s,goodput_rps,per_gpu_rps,flag
1,base,TP1,5,1.0,0.0,0.0,zero
1,base,TP1,7.5,1.0,0.0,0.0,zero
1,base,TP1,10,1.0,8.574823848238482,8.574823848238482,ok
1,base,TP1,12.5,1.0,12.114984558369365,12.114984558369365,ok
1,base,TP1,15,1.0,13.505730337078651,13.505730337078651,ok
1,base,TP1,20,1.0,17.377634624019898,17.377634624019898,ok
1,base,TP1,25,1.0,18.554193548387097,18.554193548387097,ok
1,base,TP1,30,1.0,18.98,18.98,lower_bound
1,base,TP1,40,1.0,18.98,18.98,lower_bound
1,base,TP1,50,1.0,18.98,18.98,lower_bound
1,base,TP1,60,1.0,18.98,18.98,lower_bound
1,base,TP2,5,1.0,0.0,0.0,zero
1,base,TP2,7.5,1.0,17.106536994660566,8.553268497330283,ok
1,base,TP2,10,1.0,24.359983909245894,12.179991954622947,ok
1,base,TP2,12.5,1.0,28.568275229357795,14.284137614678897,ok
1,base,TP2,15,1.0,30.433882772020723,15.216941386010362,ok
1,base,TP2,20,1.0,33.61,16.805,lower_bound
1,base,TP2,25,1.0,33.61,16.805,lower_bound
1,base,TP2,30,1.0,33.61,16.805,lower_bound
1,base,TP2,40,1.0,33.61,16.805,lower_bound
1,base,TP2,50,1.0,33.61,16.805,lower_bound
1,base,TP2,60,1.0,33.61,16.805,lower_bound
1,base,DP2,5,1.0,0.0,0.0,zero
1,base,DP2,7.5,1.0,0.0,0.0,zero
1,base,DP2,10,1.0,18.473927738927742,9.236963869463871,ok
1,base,DP2,12.5,1.0,23.60918879056047,11.804594395280235,ok
1,base,DP2,15,1.0,28.0693522833178,14.0346761416589,ok
1,base,DP2,20,1.0,35.64008045977011,17.820040229885056,ok
1,base,DP2,25,1.0,37.21,18.605,lower_bound
1,base,DP2,30,1.0,37.21,18.605,lower_bound
1,base,DP2,40,1.0,37.21,18.605,lower_bound
1,base,DP2,50,1.0,37.21,18.605,lower_bound
1,base,DP2,60,1.0,37.21,18.605,lower_bound
1,base,DP2rand,5,1.0,0.0,0.0,zero
1,base,DP2rand,7.5,1.0,0.0,0.0,zero
1,base,DP2rand,10,1.0,18.274151404320726,9.137075702160363,ok
1,base,DP2rand,12.5,1.0,21.844643605870022,10.922321802935011,ok
1,base,DP2rand,15,1.0,27.521950041931152,13.760975020965576,ok
1,base,DP2rand,20,1.0,34.345353305785125,17.172676652892562,ok
1,base,DP2rand,25,1.0,37.89345262281432,18.94672631140716,ok
1,base,DP2rand,30,1.0,38.336758762886596,19.168379381443298,ok
1,base,DP2rand,40,1.0,41.59,20.795,lower_bound
1,base,DP2rand,50,1.0,41.59,20.795,lower_bound
1,base,DP2rand,60,1.0,41.59,20.795,lower_bound
1,base,TP1,5,0.5,0.0,0.0,zero
1,base,TP1,7.5,0.5,0.0,0.0,zero
1,base,TP1,10,0.5,8.574823848238482,8.574823848238482,ok
1,base,TP1,12.5,0.5,12.114984558369365,12.114984558369365,ok
1,base,TP1,15,0.5,13.505730337078651,13.505730337078651,ok
1,base,TP1,20,0.5,17.377634624019898,17.377634624019898,ok
1,base,TP1,25,0.5,18.554193548387097,18.554193548387097,ok
1,base,TP1,30,0.5,18.98,18.98,lower_bound
1,base,TP1,40,0.5,18.98,18.98,lower_bound
1,base,TP1,50,0.5,18.98,18.98,lower_bound
1,base,TP1,60,0.5,18.98,18.98,lower_bound
1,base,TP2,5,0.5,0.0,0.0,zero
1,base,TP2,7.5,0.5,17.106536994660566,8.553268497330283,ok
1,base,TP2,10,0.5,24.359983909245894,12.179991954622947,ok
1,base,TP2,12.5,0.5,28.568275229357795,14.284137614678897,ok
1,base,TP2,15,0.5,30.433882772020723,15.216941386010362,ok
1,base,TP2,20,0.5,33.61,16.805,lower_bound
1,base,TP2,25,0.5,33.61,16.805,lower_bound
1,base,TP2,30,0.5,33.61,16.805,lower_bound
1,base,TP2,40,0.5,33.61,16.805,lower_bound
1,base,TP2,50,0.5,33.61,16.805,lower_bound
1,base,TP2,60,0.5,33.61,16.805,lower_bound
1,base,DP2,5,0.5,0.0,0.0,zero
1,base,DP2,7.5,0.5,0.0,0.0,zero
1,base,DP2,10,0.5,18.473927738927742,9.236963869463871,ok
1,base,DP2,12.5,0.5,23.60918879056047,11.804594395280235,ok
1,base,DP2,15,0.5,28.0693522833178,14.0346761416589,ok
1,base,DP2,20,0.5,35.64008045977011,17.820040229885056,ok
1,base,DP2,25,0.5,37.21,18.605,lower_bound
1,base,DP2,30,0.5,37.21,18.605,lower_bound
1,base,DP2,40,0.5,37.21,18.605,lower_bound
1,base,DP2,50,0.5,37.21,18.605,lower_bound
1,base,DP2,60,0.5,37.21,18.605,lower_bound
1,base,DP2rand,5,0.5,0.0,0.0,zero
1,base,DP2rand,7.5,0.5,0.0,0.0,zero
1,base,DP2rand,10,0.5,18.274151404320726,9.137075702160363,ok
1,base,DP2rand,12.5,0.5,21.844643605870022,10.922321802935011,ok
1,base,DP2rand,15,0.5,27.521950041931152,13.760975020965576,ok
1,base,DP2rand,20,0.5,34.345353305785125,17.172676652892562,ok
1,base,DP2rand,25,0.5,37.89345262281432,18.94672631140716,ok
1,base,DP2rand,30,0.5,38.336758762886596,19.168379381443298,ok
1,base,DP2rand,40,0.5,41.59,20.795,lower_bound
1,base,DP2rand,50,0.5,41.59,20.795,lower_bound
1,base,DP2rand,60,0.5,41.59,20.795,lower_bound
1,base,TP1,5,2.0,0.0,0.0,zero
1,base,TP1,7.5,2.0,0.0,0.0,zero
1,base,TP1,10,2.0,8.574823848238482,8.574823848238482,ok
1,base,TP1,12.5,2.0,12.114984558369365,12.114984558369365,ok
1,base,TP1,15,2.0,13.505730337078651,13.505730337078651,ok
1,base,TP1,20,2.0,17.377634624019898,17.377634624019898,ok
1,base,TP1,25,2.0,18.554193548387097,18.554193548387097,ok
1,base,TP1,30,2.0,18.98,18.98,lower_bound
1,base,TP1,40,2.0,18.98,18.98,lower_bound
1,base,TP1,50,2.0,18.98,18.98,lower_bound
1,base,TP1,60,2.0,18.98,18.98,lower_bound
1,base,TP2,5,2.0,0.0,0.0,zero
1,base,TP2,7.5,2.0,17.106536994660566,8.553268497330283,ok
1,base,TP2,10,2.0,24.359983909245894,12.179991954622947,ok
1,base,TP2,12.5,2.0,28.568275229357795,14.284137614678897,ok
1,base,TP2,15,2.0,30.433882772020723,15.216941386010362,ok
1,base,TP2,20,2.0,33.61,16.805,lower_bound
1,base,TP2,25,2.0,33.61,16.805,lower_bound
1,base,TP2,30,2.0,33.61,16.805,lower_bound
1,base,TP2,40,2.0,33.61,16.805,lower_bound
1,base,TP2,50,2.0,33.61,16.805,lower_bound
1,base,TP2,60,2.0,33.61,16.805,lower_bound
1,base,DP2,5,2.0,0.0,0.0,zero
1,base,DP2,7.5,2.0,0.0,0.0,zero
1,base,DP2,10,2.0,18.473927738927742,9.236963869463871,ok
1,base,DP2,12.5,2.0,23.60918879056047,11.804594395280235,ok
1,base,DP2,15,2.0,28.0693522833178,14.0346761416589,ok
1,base,DP2,20,2.0,35.64008045977011,17.820040229885056,ok
1,base,DP2,25,2.0,37.21,18.605,lower_bound
1,base,DP2,30,2.0,37.21,18.605,lower_bound
1,base,DP2,40,2.0,37.21,18.605,lower_bound
1,base,DP2,50,2.0,37.21,18.605,lower_bound
1,base,DP2,60,2.0,37.21,18.605,lower_bound
1,base,DP2rand,5,2.0,0.0,0.0,zero
1,base,DP2rand,7.5,2.0,0.0,0.0,zero
1,base,DP2rand,10,2.0,18.274151404320726,9.137075702160363,ok
1,base,DP2rand,12.5,2.0,21.844643605870022,10.922321802935011,ok
1,base,DP2rand,15,2.0,27.521950041931152,13.760975020965576,ok
1,base,DP2rand,20,2.0,34.345353305785125,17.172676652892562,ok
1,base,DP2rand,25,2.0,37.89345262281432,18.94672631140716,ok
1,base,DP2rand,30,2.0,38.336758762886596,19.168379381443298,ok
1,base,DP2rand,40,2.0,41.59,20.795,lower_bound
1,base,DP2rand,50,2.0,41.59,20.795,lower_bound
1,base,DP2rand,60,2.0,41.59,20.795,lower_bound
2,base,TP2,5,1.0,0.0,0.0,zero
2,base,TP2,7.5,1.0,16.873497813866333,8.436748906933166,ok
2,base,TP2,10,1.0,24.60668120805369,12.303340604026845,ok
2,base,TP2,12.5,1.0,26.41623469387755,13.208117346938774,ok
2,base,TP2,15,1.0,26.903506024096384,13.451753012048192,ok
2,base,TP2,20,1.0,34.06630722761133,17.033153613805666,ok
2,base,TP2,25,1.0,34.14339992009589,17.071699960047944,ok
2,base,TP2,30,1.0,34.41041966426859,17.205209832134294,ok
2,base,TP2,40,1.0,35.90005145797599,17.950025728987995,ok
2,base,TP2,50,1.0,37.56,18.78,lower_bound
2,base,TP2,60,1.0,37.56,18.78,lower_bound
2,base,DP2,5,1.0,0.0,0.0,zero
2,base,DP2,7.5,1.0,0.0,0.0,zero
2,base,DP2,10,1.0,18.43718609865471,9.218593049327355,ok
2,base,DP2,12.5,1.0,26.91439955667784,13.45719977833892,ok
2,base,DP2,15,1.0,28.54673144876325,14.273365724381625,ok
2,base,DP2,20,1.0,33.82872793354102,16.91436396677051,ok
2,base,DP2,25,1.0,37.88605525773196,18.94302762886598,ok
2,base,DP2,30,1.0,38.89147076923077,19.445735384615386,ok
2,base,DP2,40,1.0,41.59,20.795,lower_bound
2,base,DP2,50,1.0,41.59,20.795,lower_bound
2,base,DP2,60,1.0,41.59,20.795,lower_bound
2,base,TP1,5,1.0,0.0,0.0,zero
2,base,TP1,7.5,1.0,0.0,0.0,zero
2,base,TP1,10,1.0,8.41452203413209,8.41452203413209,ok
2,base,TP1,12.5,1.0,12.457321016166281,12.457321016166281,ok
2,base,TP1,15,1.0,15.0903710137758,15.0903710137758,ok
2,base,TP1,20,1.0,17.102820321255138,17.102820321255138,ok
2,base,TP1,25,1.0,18.98,18.98,lower_bound
2,base,TP1,30,1.0,18.98,18.98,lower_bound
2,base,TP1,40,1.0,18.98,18.98,lower_bound
2,base,TP1,50,1.0,18.98,18.98,lower_bound
2,base,TP1,60,1.0,18.98,18.98,lower_bound
2,base,TP2,5,0.5,0.0,0.0,zero
2,base,TP2,7.5,0.5,16.873497813866333,8.436748906933166,ok
2,base,TP2,10,0.5,24.60668120805369,12.303340604026845,ok
2,base,TP2,12.5,0.5,26.41623469387755,13.208117346938774,ok
2,base,TP2,15,0.5,26.903506024096384,13.451753012048192,ok
2,base,TP2,20,0.5,34.06630722761133,17.033153613805666,ok
2,base,TP2,25,0.5,34.14339992009589,17.071699960047944,ok
2,base,TP2,30,0.5,34.41041966426859,17.205209832134294,ok
2,base,TP2,40,0.5,35.90005145797599,17.950025728987995,ok
2,base,TP2,50,0.5,37.56,18.78,lower_bound
2,base,TP2,60,0.5,37.56,18.78,lower_bound
2,base,DP2,5,0.5,0.0,0.0,zero
2,base,DP2,7.5,0.5,0.0,0.0,zero
2,base,DP2,10,0.5,18.43718609865471,9.218593049327355,ok
2,base,DP2,12.5,0.5,26.91439955667784,13.45719977833892,ok
2,base,DP2,15,0.5,28.54673144876325,14.273365724381625,ok
2,base,DP2,20,0.5,33.827864430226526,16.913932215113263,ok
2,base,DP2,25,0.5,37.88434737659564,18.94217368829782,ok
2,base,DP2,30,0.5,38.88837388258033,19.444186941290166,ok
2,base,DP2,40,0.5,41.59,20.795,lower_bound
2,base,DP2,50,0.5,41.59,20.795,lower_bound
2,base,DP2,60,0.5,41.59,20.795,lower_bound
2,base,TP1,5,0.5,0.0,0.0,zero
2,base,TP1,7.5,0.5,0.0,0.0,zero
2,base,TP1,10,0.5,8.41452203413209,8.41452203413209,ok
2,base,TP1,12.5,0.5,12.457321016166281,12.457321016166281,ok
2,base,TP1,15,0.5,15.0903710137758,15.0903710137758,ok
2,base,TP1,20,0.5,17.102820321255138,17.102820321255138,ok
2,base,TP1,25,0.5,18.98,18.98,lower_bound
2,base,TP1,30,0.5,18.98,18.98,lower_bound
2,base,TP1,40,0.5,18.98,18.98,lower_bound
2,base,TP1,50,0.5,18.98,18.98,lower_bound
2,base,TP1,60,0.5,18.98,18.98,lower_bound
2,base,TP2,5,2.0,0.0,0.0,zero
2,base,TP2,7.5,2.0,16.873497813866333,8.436748906933166,ok
2,base,TP2,10,2.0,24.60668120805369,12.303340604026845,ok
2,base,TP2,12.5,2.0,26.41623469387755,13.208117346938774,ok
2,base,TP2,15,2.0,26.903506024096384,13.451753012048192,ok
2,base,TP2,20,2.0,34.06630722761133,17.033153613805666,ok
2,base,TP2,25,2.0,34.14339992009589,17.071699960047944,ok
2,base,TP2,30,2.0,34.41041966426859,17.205209832134294,ok
2,base,TP2,40,2.0,35.90005145797599,17.950025728987995,ok
2,base,TP2,50,2.0,37.56,18.78,lower_bound
2,base,TP2,60,2.0,37.56,18.78,lower_bound
2,base,DP2,5,2.0,0.0,0.0,zero
2,base,DP2,7.5,2.0,0.0,0.0,zero
2,base,DP2,10,2.0,18.43718609865471,9.218593049327355,ok
2,base,DP2,12.5,2.0,26.91439955667784,13.45719977833892,ok
2,base,DP2,15,2.0,28.54673144876325,14.273365724381625,ok
2,base,DP2,20,2.0,33.82872793354102,16.91436396677051,ok
2,base,DP2,25,2.0,37.88605525773196,18.94302762886598,ok
2,base,DP2,30,2.0,38.89147076923077,19.445735384615386,ok
2,base,DP2,40,2.0,41.59,20.795,lower_bound
2,base,DP2,50,2.0,41.59,20.795,lower_bound
2,base,DP2,60,2.0,41.59,20.795,lower_bound
2,base,TP1,5,2.0,0.0,0.0,zero
2,base,TP1,7.5,2.0,0.0,0.0,zero
2,base,TP1,10,2.0,8.41452203413209,8.41452203413209,ok
2,base,TP1,12.5,2.0,12.457321016166281,12.457321016166281,ok
2,base,TP1,15,2.0,15.0903710137758,15.0903710137758,ok
2,base,TP1,20,2.0,17.102820321255138,17.102820321255138,ok
2,base,TP1,25,2.0,18.98,18.98,lower_bound
2,base,TP1,30,2.0,18.98,18.98,lower_bound
2,base,TP1,40,2.0,18.98,18.98,lower_bound
2,base,TP1,50,2.0,18.98,18.98,lower_bound
2,base,TP1,60,2.0,18.98,18.98,lower_bound
3,base,DP2,5,1.0,0.0,0.0,zero
3,base,DP2,7.5,1.0,0.0,0.0,zero
3,base,DP2,10,1.0,18.48208509637988,9.24104254818994,ok
3,base,DP2,12.5,1.0,26.663266663708345,13.331633331854173,ok
3,base,DP2,15,1.0,28.101968690702087,14.050984345351043,ok
3,base,DP2,20,1.0,34.33756628982528,17.16878314491264,ok
3,base,DP2,25,1.0,37.89302719243687,18.946513596218434,ok
3,base,DP2,30,1.0,38.61502958034801,19.307514790174004,ok
3,base,DP2,40,1.0,41.59,20.795,lower_bound
3,base,DP2,50,1.0,41.59,20.795,lower_bound
3,base,DP2,60,1.0,41.59,20.795,lower_bound
3,base,TP1,5,1.0,0.0,0.0,zero
3,base,TP1,7.5,1.0,0.0,0.0,zero
3,base,TP1,10,1.0,8.489346800231807,8.489346800231807,ok
3,base,TP1,12.5,1.0,12.31427512890291,12.31427512890291,ok
3,base,TP1,15,1.0,14.427951807228915,14.427951807228915,ok
3,base,TP1,20,1.0,16.98,16.98,lower_bound
3,base,TP1,25,1.0,16.98,16.98,lower_bound
3,base,TP1,30,1.0,16.98,16.98,lower_bound
3,base,TP1,40,1.0,16.98,16.98,lower_bound
3,base,TP1,50,1.0,16.98,16.98,lower_bound
3,base,TP1,60,1.0,16.98,16.98,lower_bound
3,base,TP2,5,1.0,0.0,0.0,zero
3,base,TP2,7.5,1.0,16.998651292802236,8.499325646401118,ok
3,base,TP2,10,1.0,24.572129801109682,12.286064900554841,ok
3,base,TP2,12.5,1.0,28.14845251396648,14.07422625698324,ok
3,base,TP2,15,1.0,30.335452232899943,15.167726116449971,ok
3,base,TP2,20,1.0,32.89814363143631,16.449071815718156,ok
3,base,TP2,25,1.0,34.20101372288623,17.100506861443115,ok
3,base,TP2,30,1.0,34.24910962182862,17.12455481091431,ok
3,base,TP2,40,1.0,35.037914438502675,17.518957219251337,ok
3,base,TP2,50,1.0,37.56,18.78,lower_bound
3,base,TP2,60,1.0,37.56,18.78,lower_bound
3,base,DP2,5,0.5,0.0,0.0,zero
3,base,DP2,7.5,0.5,0.0,0.0,zero
3,base,DP2,10,0.5,18.48208509637988,9.24104254818994,ok
3,base,DP2,12.5,0.5,26.662281860935703,13.331140930467852,ok
3,base,DP2,15,0.5,28.07442523364486,14.03721261682243,ok
3,base,DP2,20,0.5,34.235902181990134,17.117951090995067,ok
3,base,DP2,25,0.5,37.83624694975624,18.91812347487812,ok
3,base,DP2,30,0.5,38.51948859074583,19.259744295372915,ok
3,base,DP2,40,0.5,41.59,20.795,lower_bound
3,base,DP2,50,0.5,41.59,20.795,lower_bound
3,base,DP2,60,0.5,41.59,20.795,lower_bound
3,base,TP1,5,0.5,0.0,0.0,zero
3,base,TP1,7.5,0.5,0.0,0.0,zero
3,base,TP1,10,0.5,8.489346800231807,8.489346800231807,ok
3,base,TP1,12.5,0.5,12.31427512890291,12.31427512890291,ok
3,base,TP1,15,0.5,14.427951807228915,14.427951807228915,ok
3,base,TP1,20,0.5,16.98,16.98,lower_bound
3,base,TP1,25,0.5,16.98,16.98,lower_bound
3,base,TP1,30,0.5,16.98,16.98,lower_bound
3,base,TP1,40,0.5,16.98,16.98,lower_bound
3,base,TP1,50,0.5,16.98,16.98,lower_bound
3,base,TP1,60,0.5,16.98,16.98,lower_bound
3,base,TP2,5,0.5,0.0,0.0,zero
3,base,TP2,7.5,0.5,16.998651292802236,8.499325646401118,ok
3,base,TP2,10,0.5,24.572129801109682,12.286064900554841,ok
3,base,TP2,12.5,0.5,28.14845251396648,14.07422625698324,ok
3,base,TP2,15,0.5,30.335452232899943,15.167726116449971,ok
3,base,TP2,20,0.5,32.89814363143631,16.449071815718156,ok
3,base,TP2,25,0.5,34.20101372288623,17.100506861443115,ok
3,base,TP2,30,0.5,34.24910962182862,17.12455481091431,ok
3,base,TP2,40,0.5,35.03486659551761,17.517433297758807,ok
3,base,TP2,50,0.5,37.56,18.78,lower_bound
3,base,TP2,60,0.5,37.56,18.78,lower_bound
3,base,DP2,5,2.0,0.0,0.0,zero
3,base,DP2,7.5,2.0,0.0,0.0,zero
3,base,DP2,10,2.0,18.48208509637988,9.24104254818994,ok
3,base,DP2,12.5,2.0,26.663266663708345,13.331633331854173,ok
3,base,DP2,15,2.0,28.101968690702087,14.050984345351043,ok
3,base,DP2,20,2.0,34.345353305785125,17.172676652892562,ok
3,base,DP2,25,2.0,37.90174430379747,18.950872151898736,ok
3,base,DP2,30,2.0,38.62942337662338,19.31471168831169,ok
3,base,DP2,40,2.0,41.59,20.795,lower_bound
3,base,DP2,50,2.0,41.59,20.795,lower_bound
3,base,DP2,60,2.0,41.59,20.795,lower_bound
3,base,TP1,5,2.0,0.0,0.0,zero
3,base,TP1,7.5,2.0,0.0,0.0,zero
3,base,TP1,10,2.0,8.489346800231807,8.489346800231807,ok
3,base,TP1,12.5,2.0,12.31427512890291,12.31427512890291,ok
3,base,TP1,15,2.0,14.427951807228915,14.427951807228915,ok
3,base,TP1,20,2.0,16.98,16.98,lower_bound
3,base,TP1,25,2.0,16.98,16.98,lower_bound
3,base,TP1,30,2.0,16.98,16.98,lower_bound
3,base,TP1,40,2.0,16.98,16.98,lower_bound
3,base,TP1,50,2.0,16.98,16.98,lower_bound
3,base,TP1,60,2.0,16.98,16.98,lower_bound
3,base,TP2,5,2.0,0.0,0.0,zero
3,base,TP2,7.5,2.0,16.998651292802236,8.499325646401118,ok
3,base,TP2,10,2.0,24.572129801109682,12.286064900554841,ok
3,base,TP2,12.5,2.0,28.14845251396648,14.07422625698324,ok
3,base,TP2,15,2.0,30.335452232899943,15.167726116449971,ok
3,base,TP2,20,2.0,32.89814363143631,16.449071815718156,ok
3,base,TP2,25,2.0,34.20101372288623,17.100506861443115,ok
3,base,TP2,30,2.0,34.24910962182862,17.12455481091431,ok
3,base,TP2,40,2.0,35.037914438502675,17.518957219251337,ok
3,base,TP2,50,2.0,37.56,18.78,lower_bound
3,base,TP2,60,2.0,37.56,18.78,lower_bound
