run_id,kind,tier,config,arm,status,violations,t_order,engine,kv_tokens,available_kv_gib,max_concurrency,boot_index,cold_boot,note
P0-smoke-TP1-base-r0-92920a15,smoke,P0,TP1,base,done,0,1790902699.0696957,0,430240,52.52,46.68,0,True,
P0-smoke-TP2-base-r0-019687c7,smoke,P0,TP2,base,done,0,1790902868.6123161,0,1004096,61.29,108.95,0,True,
P0-smoke-DP2-base-r0-7bcd8c16,smoke,P0,DP2,base,done,0,1790902945.0349529,0,430240,52.52,46.68,0,True,
P0-smoke-DP2-base-r0-7bcd8c16,smoke,P0,DP2,base,done,0,1790902945.0349529,1,430240,,46.68,0,True,
P0-offline-TP1-base-r0-bcd79c36,offline,P0,TP1,base,done,0,1790903061.0743728,0,439872,53.7,47.73,1,False,
P0-offline-TP2-base-r0-049f226b,offline,P0,TP2,base,done,0,1790903598.5168273,0,1004096,61.29,108.95,1,False,
P0-offline-TP2-AR3-r0-85364df9,offline,P0,TP2,AR3,done,0,1790903955.3826861,0,1000480,61.07,108.56,2,False,
P0-offline-TP1-G2-r0-330b46b7,offline,P0,TP1,G2,done,0,1790904089.919737,0,447376,54.61,48.54,2,False,
P0-offline-TP2-G2-r0-e9e04f74,offline,P0,TP2,G2,done,0,1790904182.523218,0,1014464,61.92,110.08,3,False,
P0-bench_latency_xcheck-TP1-base-r0-e1bd7e77,bench_latency_xcheck,P0,TP1,base,done,0,1790904295.224743,0,439872,53.7,47.73,3,False,
P0-bench_latency_xcheck-TP2-base-r0-c90f2110,bench_latency_xcheck,P0,TP2,base,done,0,1790904359.4250526,0,1004096,61.29,108.95,4,False,
P0-trace-TP1-base-r0-2d7e12bf,trace,P0,TP1,base,done,0,1790904422.573823,0,439872,53.7,47.73,4,False,
P0-trace-TP1-base-r0-d0affa81,trace,P0,TP1,base,done,0,1790904512.1369388,0,439872,53.7,47.73,5,False,
P0-trace-TP1-base-r0-5b8c95bd,trace,P0,TP1,base,done,0,1790904609.5931506,0,439872,53.7,47.73,6,False,
P0-trace-TP2-base-r0-bbf7d5bb,trace,P0,TP2,base,done,0,1790904684.8616478,0,1004096,61.29,108.95,5,False,
P0-trace-TP2-base-r0-d2ca73df,trace,P0,TP2,base,done,0,1790904793.9907384,0,1004096,61.29,108.95,6,False,
P0-trace-TP2-base-r0-b04c881e,trace,P0,TP2,base,done,0,1790904906.0262523,0,1004096,61.29,108.95,7,False,
P0-trace-TP2-G2-r0-a145952f,trace,P0,TP2,G2,done,0,1790904995.006163,0,1014464,61.92,110.08,8,False,
P1-serve_session-TP1-base-r0-297826c7,serve_session,P1,TP1,base,done,0,1790910760.0712762,0,439872,53.7,47.73,7,False,
P1-serve_session-TP2-base-r0-d52c5a40,serve_session,P1,TP2,base,done,0,1790911399.7284253,0,1004096,61.29,108.95,9,False,
P1-serve_session-DP2-base-r0-3ecb2c9a,serve_session,P1,DP2,base,done,0,1790911781.0205555,0,439872,53.7,47.73,1,False,
P1-serve_session-DP2-base-r0-3ecb2c9a,serve_session,P1,DP2,base,done,0,1790911781.0205555,1,439872,,47.73,1,False,
P1-serve_session-TP1-base-r1-ff44617a,serve_session,P1,TP1,base,done,0,1790912148.2959442,0,439872,53.7,47.73,8,False,
P1-serve_session-TP2-base-r1-eba6bf58,serve_session,P1,TP2,base,done,0,1790912857.3213897,0,1004096,61.29,108.95,10,False,
P1-serve_session-DP2-base-r1-0963bb64,serve_session,P1,DP2,base,done,0,1790913592.6913915,0,439872,53.7,47.73,2,False,
P1-serve_session-DP2-base-r1-0963bb64,serve_session,P1,DP2,base,done,0,1790913592.6913915,1,439872,,47.73,2,False,
P1-serve_session-TP2-base-r2-2008e985,serve_session,P1,TP2,base,done,0,1790914349.5426154,0,1004096,61.29,108.95,11,False,
P1-serve_session-DP2-base-r2-da3a80af,serve_session,P1,DP2,base,done,0,1790915086.4005322,0,439872,53.7,47.73,3,False,
P1-serve_session-DP2-base-r2-da3a80af,serve_session,P1,DP2,base,done,0,1790915086.4005322,1,439872,,47.73,3,False,
P1-serve_session-TP1-base-r2-db67c171,serve_session,P1,TP1,base,done,0,1790915840.6282663,0,439872,53.7,47.73,9,False,
P1-serve_session-DP2-base-r3-18f5057b,serve_session,P1,DP2,base,done,0,1790916549.7782323,0,439872,53.7,47.73,4,False,
P1-serve_session-DP2-base-r3-18f5057b,serve_session,P1,DP2,base,done,0,1790916549.7782323,1,439872,,47.73,4,False,
P1-serve_session-TP1-base-r3-c40c4ab3,serve_session,P1,TP1,base,done,0,1790917303.0477865,0,439872,53.7,47.73,10,False,
P1-serve_session-TP2-base-r3-ff5dc3c3,serve_session,P1,TP2,base,done,0,1790918013.9840982,0,1004096,61.29,108.95,12,False,
P2-offline-TP2-AR1-r0-fa307693,offline,P2,TP2,AR1,done,0,1790918754.0420473,0,1001760,61.14,108.7,13,False,
P2-offline-TP2-AR2-r0-0abf89c1,offline,P2,TP2,AR2,done,0,1790918977.7937982,0,1018432,62.16,110.51,14,False,
P2-offline-TP2-AR3-r0-4cf41dde,offline,P2,TP2,AR3,done,0,1790919202.1169386,0,1000768,61.08,108.59,15,False,
P2-offline-TP1-G1-r0-67cfa116,offline,P2,TP1,G1,done,0,1790919353.772853,0,437744,53.44,47.5,11,False,
P2-offline-TP2-G1-r0-cdaaec89,offline,P2,TP2,G1,done,0,1790919518.3970792,0,1014464,61.92,110.08,16,False,
P2-offline-TP1-G2-r0-980ac590,offline,P2,TP1,G2,done,0,1790919703.0396826,0,447376,54.61,48.54,12,False,
P2-offline-TP2-G2-r0-a36325cb,offline,P2,TP2,G2,done,0,1790919812.947919,0,1014464,61.92,110.08,17,False,
P2-offline-TP1-EXECuni-r0-88785db8,offline,P2,TP1,EXECuni,done,0,1790919935.5296063,0,430240,52.52,46.68,13,False,
P2-offline-TP2-FIBtrtllm-r0-38ff59f0,offline,P2,TP2,FIBtrtllm,done,0,1790920083.3621418,0,1004096,61.29,108.95,18,False,
P2-trace-TP2-AR1-r0-d50c54a9,trace,P2,TP2,AR1,done,0,1790920301.0157015,0,1002048,61.16,108.73,19,False,
P2-trace-TP2-AR2-r0-503e794d,trace,P2,TP2,AR2,done,0,1790920398.6075299,0,1010272,61.66,109.62,20,False,
P2-trace-TP2-AR3-r0-6a72aec8,trace,P2,TP2,AR3,done,0,1790920497.3226502,0,1000736,61.08,108.59,21,False,
P2-trace-TP1-G1-r0-075888da,trace,P2,TP1,G1,done,0,1790920606.6486604,0,447376,54.61,48.54,14,False,
P2-trace-TP2-G1-r0-faa4b0ea,trace,P2,TP2,G1,done,0,1790920691.2084322,0,1014464,61.92,110.08,22,False,
P2-serve_session-TP2-base-r0-e193f2ee,serve_session,P2,TP2,base,done,0,1790920791.2841897,0,1004096,61.29,108.95,23,False,
P2-serve_session-TP2-PCon-r0-85c5ebab,serve_session,P2,TP2,PCon,done,0,1790921304.7879355,0,1004096,61.29,108.95,24,False,
P2-serve_session-DP2rand-base-r1-d5ef9c66,serve_session,P2,DP2rand,base,done,0,1790921772.90022,0,439872,53.7,47.73,0,True,
P2-serve_session-DP2rand-base-r1-d5ef9c66,serve_session,P2,DP2rand,base,done,0,1790921772.90022,1,439872,53.7,47.73,0,True,
P2-serve_session-TP2-API2-r0-aa946cec,serve_session,P2,TP2,API2,done,0,1790925823.8519168,0,1004096,61.29,108.95,25,False,
P2-serve_session-DP2-API2-r0-cf3d006c,serve_session,P2,DP2,API2,done,0,1790926239.259935,0,439872,53.7,47.73,5,False,
P2-serve_session-DP2-API2-r0-cf3d006c,serve_session,P2,DP2,API2,done,0,1790926239.259935,1,439872,,47.73,5,False,
