config,arm,kind,engine,batch,input_len,output_len,l1,l2,n,n1,n2,median_s,p25_s,p75_s,step_s,ci_lo_s,ci_hi_s,ctx_mean,note,run_id,tier,derived,gpus,tokens_per_step,t_ms,speedup,efficiency,model_ms,model_lo_ms,model_hi_ms,gpu_asym,flag,xcheck_diff
TP1,base,prefill,vllm,1,512,1,,,20,,,0.01780283823609352,0.017716200090944767,0.017963597550988197,,,,,,P0-offline-TP1-base-r0-bcd79c36,P0,False,1,512,17.80283823609352,1.0,1.0,12.15,10.52,14.38,,,
TP1,base,prefill,vllm,1,2048,1,,,20,,,0.05471331812441349,0.054437629878520966,0.055119422264397144,,,,,,P0-offline-TP1-base-r0-bcd79c36,P0,False,1,2048,54.71331812441349,1.0,1.0,48.26,42.53,56.29,,,
TP1,base,prefill,vllm,1,8192,1,,,20,,,0.22764643281698227,0.22639669850468636,0.2296861344948411,,,,,,P0-offline-TP1-base-r0-bcd79c36,P0,False,1,8192,227.64643281698227,1.0,1.0,223.6,195.3,259.2,,,
TP1,base,decode,vllm,1,1024,,64,320,,10,10,,,,0.006291576886724215,0.006289305179961957,0.006294824393989984,1216.0,,P0-offline-TP1-base-r0-bcd79c36,P0,False,1,1,6.291576886724215,1.0,1.0,5.856,5.293,6.818,,,
TP1,base,decode,vllm,2,1024,,64,320,,10,10,,,,0.006332186734653078,0.006322338697100349,0.0063346113895022425,1216.0,,P0-offline-TP1-base-r0-bcd79c36,P0,False,1,2,6.332186734653078,1.0,1.0,5.91,5.345,6.877,,,
TP1,base,decode,vllm,4,1024,,64,320,,10,10,,,,0.006487028585979715,0.006483097192722198,0.0064939639230942705,1216.0,,P0-offline-TP1-base-r0-bcd79c36,P0,False,1,4,6.487028585979715,1.0,1.0,6.016,5.448,6.995,,,
TP1,base,decode,vllm,8,1024,,64,320,,10,10,,,,0.00676637335709529,0.006762674722813245,0.006775618261599448,1216.0,,P0-offline-TP1-base-r0-bcd79c36,P0,False,1,8,6.76637335709529,1.0,1.0,6.228,5.653,7.231,,,
TP1,base,decode,vllm,16,1024,,64,320,,10,10,,,,0.007236138691951055,0.0072301771433558315,0.007244111598993186,1216.0,,P0-offline-TP1-base-r0-bcd79c36,P0,False,1,16,7.236138691951055,1.0,1.0,6.653,6.065,7.704,,,
TP1,base,decode,vllm,32,1024,,64,320,,10,10,,,,0.008172816946171224,0.008151910704327747,0.00819009789120173,1216.0,,P0-offline-TP1-base-r0-bcd79c36,P0,False,1,32,8.172816946171224,1.0,1.0,7.503,6.887,8.648,,,
TP1,base,decode,vllm,64,1024,,64,320,,10,10,,,,0.010091798743815161,0.01007022470002994,0.010135845205877559,1216.0,,P0-offline-TP1-base-r0-bcd79c36,P0,False,1,64,10.091798743815161,1.0,1.0,9.203,8.532,10.54,,,
TP1,base,decode,vllm,128,1024,,64,320,,10,10,,,,0.013810511853080243,0.013767534672297188,0.01384920198324835,1216.0,,P0-offline-TP1-base-r0-bcd79c36,P0,False,1,128,13.810511853080243,1.0,1.0,12.6,11.82,14.32,,,
TP2,base,prefill,vllm,1,512,1,,,20,,,0.014725031331181526,0.014043215662240982,0.014906564727425575,,,,,,P0-offline-TP2-base-r0-049f226b,P0,False,2,512,14.725031331181526,1.2090186999055461,0.6045093499527731,8.134,6.687,10.34,,,
TP2,base,prefill,vllm,1,2048,1,,,20,,,0.037569599226117134,0.03741675987839699,0.03785696718841791,,,,,,P0-offline-TP2-base-r0-049f226b,P0,False,2,2048,37.569599226117134,1.4563189187916228,0.7281594593958114,29.86,25.41,37.33,,,
TP2,base,prefill,vllm,1,8192,1,,,20,,,0.1421381663531065,0.14155496191233397,0.14239313080906868,,,,,,P0-offline-TP2-base-r0-049f226b,P0,False,2,8192,142.1381663531065,1.6015855463581259,0.8007927731790629,132.2,112.7,162.9,,,
TP2,base,decode,vllm,1,1024,,64,320,,10,10,,,,0.004078889061929658,0.004076429962879047,0.004081246113855741,1216.0,,P0-offline-TP2-base-r0-049f226b,P0,False,2,1,4.078889061929658,1.5424731565873402,0.7712365782936701,3.766,3.169,4.549,,,
TP2,base,decode,vllm,2,1024,,64,320,,10,10,,,,0.004089368223503698,0.00408592342864722,0.004105987675575307,1216.0,,P0-offline-TP2-base-r0-049f226b,P0,False,2,2,4.089368223503698,1.5484511026076722,0.7742255513038361,3.795,3.196,4.583,,,
TP2,base,decode,vllm,4,1024,,64,320,,10,10,,,,0.0040639235157868825,0.003971889309468679,0.004208204400492832,1216.0,,P0-offline-TP2-base-r0-049f226b,P0,False,2,4,4.0639235157868825,1.5962477051499468,0.7981238525749734,3.853,3.251,4.65,,,
TP2,base,decode,vllm,8,1024,,64,320,,10,10,,,,0.004190503670542967,0.004182404560378927,0.004271835658801138,1216.0,,P0-offline-TP2-base-r0-049f226b,P0,False,2,8,4.190503670542967,1.6146921442067526,0.8073460721033763,3.97,3.361,4.786,,,
TP2,base,decode,vllm,16,1024,,64,320,,10,10,,,,0.004570848832372576,0.0045655496751351166,0.004576769955747295,1216.0,,P0-offline-TP2-base-r0-049f226b,P0,False,2,16,4.570848832372576,1.5831061050853033,0.7915530525426516,4.202,3.581,5.057,,,
TP2,base,decode,vllm,32,1024,,64,320,,10,10,,,,0.00510763638158096,0.005102560338855255,0.005112749742693268,1216.0,,P0-offline-TP2-base-r0-049f226b,P0,False,2,32,5.10763638158096,1.6001172236230141,0.8000586118115071,4.668,4.021,5.6,,,
TP2,base,decode,vllm,64,1024,,64,320,,10,10,,,,0.006191733293235302,0.0061781405769579575,0.006261205572627659,1216.0,,P0-offline-TP2-base-r0-049f226b,P0,False,2,64,6.191733293235302,1.6298826622330174,0.8149413311165087,5.599,4.901,6.686,,,
TP2,base,decode,vllm,128,1024,,64,320,,10,10,,,,0.008104118060145993,0.008092915551969782,0.008124563035380561,1216.0,,P0-offline-TP2-base-r0-049f226b,P0,False,2,128,8.104118060145993,1.7041350768317227,0.8520675384158614,7.462,6.66,8.857,,,
TP2,AR3,decode,vllm,1,1024,,64,320,,10,10,,,,0.004434831906110048,0.004428912376170047,0.004437394258275162,1216.0,,P0-offline-TP2-AR3-r0-85364df9,P0,False,2,1,4.434831906110048,1.4186731357407376,0.7093365678703688,,,,,,
TP2,AR3,decode,vllm,32,1024,,64,320,,10,10,,,,0.005639207098283805,0.005623895951430313,0.005705517345631961,1216.0,,P0-offline-TP2-AR3-r0-85364df9,P0,False,2,32,5.639207098283805,1.4492847671188525,0.7246423835594262,,,,,,
TP1,G2,decode,vllm,1,1024,,64,320,,10,10,,,,0.009917426978063304,0.009780753599261515,0.010040976259915624,1216.0,,P0-offline-TP1-G2-r0-330b46b7,P0,False,1,1,9.917426978063304,0.6343960888888589,0.6343960888888589,,,,,,
TP2,G2,decode,vllm,1,1024,,64,320,,10,10,,,,0.013800451764836907,0.013627701198856812,0.014269230675017753,1216.0,,P0-offline-TP2-G2-r0-e9e04f74,P0,False,2,1,13.800451764836907,0.4558964441117025,0.22794822205585125,,,,,,
TP2,AR1,prefill,vllm,1,2048,1,,,20,,,0.03626899793744087,0.0359575804322958,0.03691355977207422,,,,,,P2-offline-TP2-AR1-r0-fa307693,P2,False,2,2048,36.26899793744087,1.5085423153621884,0.7542711576810942,,,,,,
TP2,AR1,decode,vllm,1,1024,,64,320,,10,10,,,,0.00412487283028895,0.004121112695429474,0.004128920394578017,1216.0,,P2-offline-TP2-AR1-r0-fa307693,P2,False,2,1,4.12487283028895,1.525277783238589,0.7626388916192945,,,,,,
TP2,AR1,decode,vllm,32,1024,,64,320,,10,10,,,,0.0051184109470341355,0.005074467771919444,0.005314443700626725,1216.0,,P2-offline-TP2-AR1-r0-fa307693,P2,False,2,32,5.1184109470341355,1.5967488798270417,0.7983744399135209,,,,,,
TP2,AR1,decode,vllm,128,1024,,64,320,,10,10,,,,0.008145055951899849,0.008113780993153342,0.008178223004506435,1216.0,,P2-offline-TP2-AR1-r0-fa307693,P2,False,2,128,8.145055951899849,1.695569918075138,0.847784959037569,,,,,,
TP2,AR2,prefill,vllm,1,2048,1,,,20,,,0.03858222812414169,0.03833782393485308,0.03886509034782648,,,,,,P2-offline-TP2-AR2-r0-0abf89c1,P2,False,2,2048,38.58222812414169,1.4180963823128256,0.7090481911564128,,,,,,
TP2,AR2,decode,vllm,1,1024,,64,320,,10,10,,,,0.004190931278571952,0.004185978499845078,0.00419984977634158,1216.0,,P2-offline-TP2-AR2-r0-0abf89c1,P2,False,2,1,4.190931278571952,1.501235994704273,0.7506179973521365,,,,,,
TP2,AR2,decode,vllm,32,1024,,64,320,,10,10,,,,0.005378989771998022,0.0053684886299379285,0.005405138514470309,1216.0,,P2-offline-TP2-AR2-r0-0abf89c1,P2,False,2,32,5.378989771998022,1.5193962607471994,0.7596981303735997,,,,,,
TP2,AR2,decode,vllm,128,1024,,64,320,,10,10,,,,0.008371052666916512,0.008357473241630942,0.008390388863517728,1216.0,,P2-offline-TP2-AR2-r0-0abf89c1,P2,False,2,128,8.371052666916512,1.6497939270721806,0.8248969635360903,,,,,,
TP2,AR3,prefill,vllm,1,2048,1,,,20,,,0.03833090700209141,0.038118498399853706,0.03855216782540083,,,,,,P2-offline-TP2-AR3-r0-4cf41dde,P2,False,2,2048,38.33090700209141,1.4273942988468347,0.7136971494234173,,,,,,
TP2,AR3,decode,vllm,128,1024,,64,320,,10,10,,,,0.008868874858308118,0.008854175349188153,0.0088823625119403,1216.0,,P2-offline-TP2-AR3-r0-4cf41dde,P2,False,2,128,8.868874858308118,1.5571887160120357,0.7785943580060178,,,,,,
TP1,G1,decode,vllm,1,1024,,64,320,,10,10,,,,0.008589677287091035,0.008548205020997558,0.008781374190766656,1216.0,,P2-offline-TP1-G1-r0-67cfa116,P2,False,1,1,8.589677287091035,0.7324578882817272,0.7324578882817272,,,,,,
TP1,G1,decode,vllm,32,1024,,64,320,,10,10,,,,0.00885730281152064,0.00874613961786963,0.008974478711024858,1216.0,,P2-offline-TP1-G1-r0-67cfa116,P2,False,1,32,8.85730281152064,0.922720733397631,0.922720733397631,,,,,,
TP2,G1,decode,vllm,1,1024,,64,320,,10,10,,,,0.011105105935712345,0.010892900434555486,0.011225090425978124,1216.0,,P2-offline-TP2-G1-r0-cdaaec89,P2,False,2,1,11.105105935712345,0.566548119679926,0.283274059839963,,,,,,
TP2,G1,decode,vllm,32,1024,,64,320,,10,10,,,,0.011256723119004164,0.011076551309088245,0.011605996900470927,1216.0,,P2-offline-TP2-G1-r0-cdaaec89,P2,False,2,32,11.256723119004164,0.7260387290128391,0.36301936450641953,,,,,,
TP1,G2,decode,vllm,32,1024,,64,320,,10,10,,,,0.00991415371390758,0.009850159141933545,0.010217394358187448,1216.0,,P2-offline-TP1-G2-r0-980ac590,P2,False,1,32,9.91415371390758,0.8243585062340109,0.8243585062340109,,,,,,
TP2,G2,decode,vllm,32,1024,,64,320,,10,10,,,,0.013090247404761612,0.012901177462481428,0.013167228542806697,1216.0,,P2-offline-TP2-G2-r0-a36325cb,P2,False,2,32,13.090247404761612,0.6243439633691217,0.31217198168456084,,,,,,
TP1,EXECuni,decode,vllm,1,1024,,64,320,,10,10,,,,0.006274281651712954,0.006269947873079218,0.006282708860999265,1216.0,,P2-offline-TP1-EXECuni-r0-88785db8,P2,False,1,1,6.274281651712954,1.0027565283121358,1.0027565283121358,,,,,,
TP1,EXECuni,decode,vllm,32,1024,,64,320,,10,10,,,,0.00816108730941778,0.00814074746449478,0.0081853032897925,1216.0,,P2-offline-TP1-EXECuni-r0-88785db8,P2,False,1,32,8.16108730941778,1.0014372639709304,1.0014372639709304,,,,,,
TP2,FIBtrtllm,decode,vllm,1,1024,,64,320,,10,10,,,,0.004106266424059868,0.004103102590306662,0.004111636473680846,1216.0,,P2-offline-TP2-FIBtrtllm-r0-38ff59f0,P2,False,2,1,4.106266424059868,1.532189156032338,0.766094578016169,,,,,,
TP2,FIBtrtllm,decode,vllm,32,1024,,64,320,,10,10,,,,0.0052834203816019,0.00527918402076466,0.005288042302709073,1216.0,,P2-offline-TP2-FIBtrtllm-r0-38ff59f0,P2,False,2,32,5.2834203816019,1.5468799292653062,0.7734399646326531,,,,,,
TP2,FIBtrtllm,decode,vllm,128,1024,,64,320,,10,10,,,,0.008342919412825722,0.008330725102314317,0.008356225700299546,1216.0,,P2-offline-TP2-FIBtrtllm-r0-38ff59f0,P2,False,2,128,8.342919412825722,1.655357216066248,0.827678608033124,,,,,,
DP2,base,decode,vllm,2,1024,,64,320,,10,10,,,,0.006291576886724215,0.006289305179961957,0.006294824393989984,1216.0,derived: TP1 at batch 1,P0-offline-TP1-base-r0-bcd79c36,P0,True,2,2,6.291576886724215,1.0064546374716572,0.5032273187358286,5.856,5.293,6.818,0.00398636421138188,,
DP2,base,decode,vllm,4,1024,,64,320,,10,10,,,,0.006332186734653078,0.006322338697100349,0.0063346113895022425,1216.0,derived: TP1 at batch 2,P0-offline-TP1-base-r0-bcd79c36,P0,True,2,4,6.332186734653078,1.0244531404102883,0.5122265702051442,5.91,5.345,6.877,0.00398636421138188,,
DP2,base,decode,vllm,8,1024,,64,320,,10,10,,,,0.006487028585979715,0.006483097192722198,0.0064939639230942705,1216.0,derived: TP1 at batch 4,P0-offline-TP1-base-r0-bcd79c36,P0,True,2,8,6.487028585979715,1.0430620533597335,0.5215310266798667,6.016,5.448,6.995,0.00398636421138188,,
DP2,base,decode,vllm,16,1024,,64,320,,10,10,,,,0.00676637335709529,0.006762674722813245,0.006775618261599448,1216.0,derived: TP1 at batch 8,P0-offline-TP1-base-r0-bcd79c36,P0,True,2,16,6.76637335709529,1.0694264578769015,0.5347132289384507,6.228,5.653,7.231,0.00398636421138188,,
DP2,base,decode,vllm,32,1024,,64,320,,10,10,,,,0.007236138691951055,0.0072301771433558315,0.007244111598993186,1216.0,derived: TP1 at batch 16,P0-offline-TP1-base-r0-bcd79c36,P0,True,2,32,7.236138691951055,1.1294444860851078,0.5647222430425539,6.653,6.065,7.704,0.00398636421138188,,
DP2,base,decode,vllm,64,1024,,64,320,,10,10,,,,0.008172816946171224,0.008151910704327747,0.00819009789120173,1216.0,derived: TP1 at batch 32,P0-offline-TP1-base-r0-bcd79c36,P0,True,2,64,8.172816946171224,1.2348005357617775,0.6174002678808888,7.503,6.887,8.648,0.00398636421138188,,
DP2,base,decode,vllm,128,1024,,64,320,,10,10,,,,0.010091798743815161,0.01007022470002994,0.010135845205877559,1216.0,derived: TP1 at batch 64,P0-offline-TP1-base-r0-bcd79c36,P0,True,2,128,10.091798743815161,1.368488631577609,0.6842443157888045,9.203,8.532,10.54,0.00398636421138188,,
DP2,base,decode,vllm,256,1024,,64,320,,10,10,,,,0.013810511853080243,0.013767534672297188,0.01384920198324835,1216.0,derived: TP1 at batch 128,P0-offline-TP1-base-r0-bcd79c36,P0,True,2,256,13.810511853080243,,,12.6,11.82,14.32,0.00398636421138188,,
TP1,base,xcheck,vllm bench latency,8,1024,64,,,20,,,0.617314025759697,0.6161398347467184,0.6184620233252645,,,,,within 3% of the driver,P0-bench_latency_xcheck-TP1-base-r0-e1bd7e77,P0,False,,,,,,,,,,,-5.6780062144157206e-05
TP2,base,xcheck,vllm bench latency,8,1024,64,,,20,,,0.3968899492174387,0.3963793935254216,0.3986037466675043,,,,,within 3% of the driver,P0-bench_latency_xcheck-TP2-base-r0-c90f2110,P0,False,,,,,,,,,,,0.02024237093895276
