row,name,value,unit,apriori,source,config,arm,batch,sample,measured_ms,apriori_ms,posteriori_ms,residual_ms,residual_frac
constant,bw_eff,2692144566135.7046,B/s,3000000000000.0,"TP1 baseline decode, least squares over 8 batches (largest misfit 0.75%)",,,,,,,,,
constant,t_fixed,0.0006860275130515759,s,0.0008,"TP1 baseline decode, least squares over 8 batches (largest misfit 0.75%)",,,,,,,,,
constant,t_extra_tp2,0.0,s,0.0001,"set to 0: no TP1 measurement can fit it, so it stays in the residual",,,,,,,,,
constant,alpha,4.570838063955307e-06,s,5e-06,M2 flashinfer_mnnvl_fused_allreduce_rmsnorm_oneshot,,,,,,,,,
constant,beta,184568578617.4161,B/s,260000000000.0,M2 flashinfer_mnnvl_fused_allreduce_rmsnorm_oneshot,,,,,,,,,
constant,alpha_nccl_graph,1.2543200142681596e-05,s,6e-06,"M3 torch_nccl, graph, default variant",,,,,,,,,
constant,beta_nccl,311926454044.5379,B/s,260000000000.0,"M3 torch_nccl, graph, default variant",,,,,,,,,
point,,,,,,TP1,base,1,in,6.291576886724215,5.856410965333334,6.32065541781297,-0.029078531088755355,-0.004621819237417829
point,,,,,,TP1,base,2,in,6.332186734653078,5.909538816,6.379858609946438,-0.04767187529335981,-0.007528501178348717
point,,,,,,TP1,base,4,in,6.487028585979715,6.015794517333334,6.498264994213371,-0.011236408233656014,-0.001732134841819726
point,,,,,,TP1,base,8,in,6.76637335709529,6.22830592,6.7350777627472365,0.03129559434805351,0.004625165165507254
point,,,,,,TP1,base,16,in,7.236138691951055,6.653328725333333,7.208703299814969,0.027435392136085923,0.0037914408918948753
point,,,,,,TP1,base,32,in,8.172816946171224,7.503374336,8.155954373950433,0.01686257222079135,0.002063250936837766
point,,,,,,TP1,base,64,in,10.091798743815161,9.203465557333333,10.050456522221364,0.041342221593797746,0.004096615741483614
point,,,,,,TP1,base,128,in,13.810511853080243,12.603648,13.83946081876322,-0.02894896568297689,-0.0020961544359067493
point,,,,,,TP2,base,1,out,4.078889061929658,3.7658355216410255,3.8141247290104285,0.2647643329192295,0.0649108933582944
point,,,,,,TP2,base,2,out,4.089368223503698,3.794940739282051,3.8473062193633383,0.2420620041403594,0.0591930075528794
point,,,,,,TP2,base,4,out,4.0639235157868825,3.8531511745641023,3.9136692000691555,0.15025431571772696,0.03697272232955245
point,,,,,,TP2,base,8,out,4.190503670542967,3.969572045128205,4.04639516148079,0.14410850906217654,0.03438930505542411
point,,,,,,TP2,base,16,out,4.570848832372576,4.20241378625641,4.311847084304059,0.25900174806851695,0.05666381837748892
point,,,,,,TP2,base,32,out,5.10763638158096,4.668097268512821,4.842750929950597,0.2648854516303629,0.05186067132452629
point,,,,,,TP2,base,64,out,6.191733293235302,5.599464233025641,5.904558621243673,0.2871746719916288,0.04638033623078982
point,,,,,,TP2,base,128,out,8.104118060145993,7.462198162051282,8.028174003829827,0.07594405631616574,0.009371045159082695
point,,,,,,TP2,AR3,1,out,4.434831906110048,3.993335521641025,4.493366612752356,-0.05853470664230809,-0.013198855758582968
point,,,,,,TP2,AR3,32,out,5.639207098283805,4.895597268512821,5.476681621058788,0.1625254772250173,0.028820625735571783
point,,,,,,TP2,AR3,128,out,8.868874858308118,7.689698162051283,8.521786162910958,0.3470886953971597,0.03913559509434464
