batch,component,label,tp1_ms,tp2_ms,half_tp1_ms,excess_ms,share,tp1_traced_over_untraced,tp2_traced_over_untraced
1,step,decode step,6.291576886724215,4.078889061929658,3.1457884433621075,0.9331006185675506,1.0,1.0063583603913666,1.0175553776979818
1,gemm,GEMM (weights),5.3132998,2.9330231843137256,2.6566499,0.27637328431372543,0.296188083915323,,
1,attention,attention,0.4129032980392156,0.4001091843137255,0.2064516490196078,0.1936575352941177,0.20754196432900351,,
1,norm_act_rope,"norm, residual, RoPE, activation",0.3193081725490196,0.31680778431372547,0.1596540862745098,0.15715369803921567,0.16842095580267663,,
1,comm,all-reduce and all-gather,0.0,0.2312755862745098,0.0,0.2312755862745098,0.24785707100864698,,
1,other_gpu,"sampling, copies, other kernels",0.039693498039215694,0.038791131372549026,0.019846749019607847,0.01894438235294118,0.020302614719111052,,
1,not_gpu,"not on the GPU (CPU, launch gaps)",0.20637211809676348,0.1588821913414229,0.10318605904838174,0.055696132293041156,0.05968931022523924,,
32,step,decode step,8.172816946171224,5.10763638158096,4.086408473085612,1.021227908495348,1.0,0.9802987210857994,1.040077954483455
32,gemm,GEMM (weights),5.4527817265625,3.081191037254902,2.72639086328125,0.35480017397365193,0.34742506645397675,,
32,attention,attention,2.0095077421875,1.2198456431372549,1.00475387109375,0.21509177204350483,0.21062073436713627,,
32,norm_act_rope,"norm, residual, RoPE, activation",0.36429251171875,0.3501771003370098,0.182146255859375,0.16803084447763478,0.1645380458953646,,
32,comm,all-reduce and all-gather,0.0,0.3383670584865196,0.0,0.3383670584865196,0.33133354040927193,,
32,other_gpu,"sampling, copies, other kernels",0.102866359375,0.08478663725490196,0.0514331796875,0.03335345756740196,0.03266015087322097,,
32,not_gpu,"not on the GPU (CPU, launch gaps)",0.2433686063274738,0.03326890511037206,0.1216843031637369,-0.08841539805336485,-0.0865775379989702,,
