run_id,tier,config,arm,tp,points,gate_ok,gate_reasons,idle_est,ar_wire_ms,ar_sync_ms,launch_ts_missing,rank,pid,device,steps,decode_steps,ar_min,ar_max,ar_mode,ag_min,ag_max,ag_mode,mean_step_ms,busy_frac,unclassified_frac,unclassified_top,cat_all_reduce_ms,cat_all_gather_ms,cat_gemm_ms,cat_attention_ms,cat_norm_act_rope_ms,cat_sampling_ms,cat_memcpy_ms,cat_other_ms,idle_ms,h6_source,h6_steps,ar_ms,ar_ms_source,fused_add_rms_norm_ms,busy_ms,h6_exact_min,h6_exact_max,idle_rank,ar_fused,tp1_norm_ms,comm_ms,comm_note
P0-trace-TP1-base-r0-2d7e12bf,P0,TP1,base,1,decode:b1,True,,0.032801334516347924,,,0,0,22208,0,256,255,0,0,0,0,0,0,40.1193102519685,0.1538350964941981,0.0018123291138129472,"[[""_post_update_kernel"", 0.0005692000853858953], [""_gather_block_tables_kernel"", 0.0005549392563309161], [""_compute_slot_mappings_kernel"", 0.00041401746382588723], [""_prepare_pos_seq_lens_kernel"", 0.0002254342953929421], [""_apply_write_kernel"", 4.629602475819321e-05]]",0.0,0.0,5.388844809292552,0.41687013742181955,0.3270116339111472,0.018142435657650852,0.009703690967707066,0.011185256641368832,33.94755228807625,trace.sqlite,256,0.0,trace.sqlite,0.14254838823529412,6.085204768627451,256,256,0.032801334516347924,,,,
P0-trace-TP1-base-r0-d0affa81,P0,TP1,base,1,decode:b32,True,,0.029777811974791124,,,0,0,23239,0,261,256,0,0,0,0,0,0,45.70448825490196,0.22503435801365895,0.0016503881332305135,"[[""_gather_block_tables_kernel"", 0.000525157933533607], [""_post_update_kernel"", 0.00036211346942014756], [""_compute_slot_mappings_kernel"", 0.0002743405413114397], [""_apply_write_kernel"", 0.00017667191807659661], [""void at::native::vectorized_gather_kernel<(int)16, long>(char *, char *, T2 *, int, long, long, long, long, bool)"", 0.00016262627479631686]]",0.0,0.0,7.553544602968763,2.0312820041443835,0.5984867338083781,0.07285497139369146,0.011937486202972875,0.016974374266488273,35.419408082117286,trace.sqlite,261,0.0,trace.sqlite,0.1527544140625,7.92944833984375,261,261,0.029777811974791124,,,,
P0-trace-TP1-base-r0-5b8c95bd,P0,TP1,base,1,prefill:2048,True,,0.21121202881784396,,,0,0,24162,0,5,0,0,0,0,0,0,0,2628.05030375,0.020417955113782284,0.0008758166353266714,"[[""_apply_write_kernel"", 0.00045762460736801337], [""_prepare_prefill_inputs_kernel"", 0.00012694055884135153], [""_compute_slot_mappings_kernel"", 9.59468943578907e-05], [""_post_update_kernel"", 8.18588650472267e-05], [""_gather_block_tables_kernel"", 7.815148891284142e-05]]",0.0,0.0,45.1851450657596,3.093308014419172,5.190891737828187,0.04792707407572875,0.09514543997793426,0.04699580666876576,2574.39089061127,trace.sqlite,5,0.0,trace.sqlite,1.2917226,43.1572072,5,5,0.21121202881784396,,,,
P0-trace-TP2-base-r0-bbf7d5bb,P0,TP2,base,2,decode:b1,True,,0.038952319842270544,0.29432728627450977,0.14407787843137257,0,0,25055,0,256,255,65,65,65,1,1,1,33.532336972440945,0.11837531920972313,0.002879473481928871,"[[""_post_update_kernel"", 0.0009331885195481453], [""_gather_block_tables_kernel"", 0.0008685255630872945], [""_compute_slot_mappings_kernel"", 0.000642483249692706], [""_prepare_pos_seq_lens_kernel"", 0.00035297505789299606], [""_apply_write_kernel"", 7.825552098473585e-05]]",0.3597712276009419,0.00868930693650294,2.986477650970285,0.4002932425712779,0.1753273110236664,0.017975338214841336,0.00943723045686227,0.011429785186319806,29.562935879480246,trace.sqlite,256,0.3467680980392157,trace.sqlite,0.0,3.915136011764706,256,256,0.04014648294638412,True,0.14254838823529412,0.2042197098039216,fused AR (trace.sqlite) - TP1 base fused_add_rms_norm
P0-trace-TP2-base-r0-bbf7d5bb,P0,TP2,base,2,decode:b1,True,,0.038952319842270544,0.29432728627450977,0.14407787843137257,0,1,25056,1,256,255,65,65,65,1,1,1,33.54719780314961,0.11893645849509704,0.0028203484289462287,"[[""_post_update_kernel"", 0.0008753473589396104], [""_gather_block_tables_kernel"", 0.0008608752166555], [""_compute_slot_mappings_kernel"", 0.0006833049209325978], [""_prepare_pos_seq_lens_kernel"", 0.00032170681673959056], [""_apply_write_kernel"", 7.51505456687727e-05]]",0.40508098385028296,0.009665272362678293,2.9534677599630905,0.4057447727938044,0.17827220600343982,0.017016579198139394,0.009484177327866977,0.011253147641811819,29.557212904008495,trace.sqlite,256,0.38510023529411763,trace.sqlite,0.0,3.9248777294117643,256,256,0.03775815673815697,True,0.14254838823529412,0.24255184705882352,fused AR (trace.sqlite) - TP1 base fused_add_rms_norm
P0-trace-TP2-base-r0-d2ca73df,P0,TP2,base,2,decode:b32,True,,0.00651356177787954,0.4081936352941177,0.09649292941176471,0,0,26128,0,261,255,65,65,65,1,1,1,5.589186043307087,0.15041404810621548,0.0023155378307351147,"[[""_post_update_kernel"", 0.0005704822074771063], [""_gather_block_tables_kernel"", 0.0005596421867831372], [""_compute_slot_mappings_kernel"", 0.0004150435205677783], [""_apply_write_kernel"", 0.0002664203158496966], [""void at::native::vectorized_gather_kernel<(int)16, long>(char *, char *, T2 *, int, long, long, long, long, bool)"", 0.0002614446062873515]]",0.10411874865225479,0.00444041730135314,0.5286962935981983,0.15768655301364626,0.03666436045712443,0.005625212628709646,0.001513858383465641,0.001946654357828107,4.7484939449145065,trace.sqlite,261,0.4499946745098039,trace.sqlite,0.0,5.072800482352942,261,261,0.006820356154099705,True,0.1527544140625,0.2972402604473039,fused AR (trace.sqlite) - TP1 base fused_add_rms_norm
P0-trace-TP2-base-r0-d2ca73df,P0,TP2,base,2,decode:b32,True,,0.00651356177787954,0.4081936352941177,0.09649292941176471,0,1,26129,1,261,255,65,65,65,1,1,1,5.5890770984251965,0.15041527071573363,0.0026354606185361165,"[[""_gather_block_tables_kernel"", 0.0008315739131787241], [""_post_update_kernel"", 0.0005788916634469233], [""_compute_slot_mappings_kernel"", 0.00040916497701475355], [""_apply_write_kernel"", 0.00031035937037132146], [""void at::native::vectorized_gather_kernel<(int)16, long>(char *, char *, T2 *, int, long, long, long, long, bool)"", 0.00026087304606936047]]",0.1043712117261884,0.004522776236336672,0.5247880411058535,0.15778493203491953,0.03654390451264691,0.00890415758010752,0.0015519358751409286,0.0022155857395394106,4.748394553614464,trace.sqlite,261,0.46066663137254904,trace.sqlite,0.0,5.075934470588235,261,261,0.006206767401659263,True,0.1527544140625,0.30791221731004903,fused AR (trace.sqlite) - TP1 base fused_add_rms_norm
P0-trace-TP2-base-r0-b04c881e,P0,TP2,base,2,prefill:2048,True,,0.25466275720785625,5.958014400000001,1.3109576000000003,0,0,27166,0,5,0,65,65,65,1,1,1,3011.39834075,0.011419224801700616,0.0013533170616432117,"[[""_apply_write_kernel"", 0.0006882532151516146], [""_prepare_prefill_inputs_kernel"", 0.00020128371996895234], [""_compute_slot_mappings_kernel"", 0.00014423787306530917], [""_post_update_kernel"", 0.0001358824536699966], [""_gather_block_tables_kernel"", 0.00012707774025689616]]",7.735233885421372,0.009896133284729847,22.902167073387435,1.6570279248291022,1.9413129934100446,0.04476734387763342,0.050891622977288956,0.0465376433048776,2977.0105061295076,trace.sqlite,5,6.2081138,trace.sqlite,0.0,27.598853999999996,5,5,0.2653939736249783,True,1.2917226,4.9163912,fused AR (trace.sqlite) - TP1 base fused_add_rms_norm
P0-trace-TP2-base-r0-b04c881e,P0,TP2,base,2,prefill:2048,True,,0.25466275720785625,5.958014400000001,1.3109576000000003,0,1,27167,1,5,0,65,65,65,1,1,1,3011.3945685,0.01175285172079223,0.0012338027393516023,"[[""_apply_write_kernel"", 0.0006164507477841461], [""_prepare_prefill_inputs_kernel"", 0.00017506660490799761], [""_compute_slot_mappings_kernel"", 0.0001471280476253828], [""_post_update_kernel"", 0.0001261741296634217], [""_gather_block_tables_kernel"", 0.00011716169183032016]]",8.722819531368783,0.010924807104694017,22.958840226951736,1.6420279131101083,1.9383346481420631,0.02650661227445468,0.04935276625600675,0.043667331171755065,2976.0020946636205,trace.sqlite,5,7.000735199999999,trace.sqlite,0.0,28.405189,5,5,0.2439315407907342,True,1.2917226,5.709012599999999,fused AR (trace.sqlite) - TP1 base fused_add_rms_norm
P0-trace-TP2-G2-r0-a145952f,P0,TP2,G2,2,decode:b1,True,,0.251957415325589,0.2556453450980392,12.272919709803922,0,0,28198,0,256,255,65,65,65,1,1,1,16.946046078740157,0.24726406994299577,0.002878442740343973,"[[""_post_update_kernel"", 0.0009284143773919716], [""_gather_block_tables_kernel"", 0.0008810035073874106], [""_compute_slot_mappings_kernel"", 0.0006477567516459799], [""_prepare_pos_seq_lens_kernel"", 0.0003381870660026929], [""_apply_write_kernel"", 7.915445631325002e-05]]",0.2792870056890105,0.007280457868468483,2.9965704575218446,0.4280075913872922,0.4272354747285475,0.03318731331681947,0.006518920337920974,0.012061102020932031,12.755897755869322,trace.sqlite,256,0.25564534509803927,trace.sqlite,0.171996631372549,4.146666615686274,256,256,0.6995267483741481,False,,0.25564534509803927,unfused path: the AR kernels are comm only
P0-trace-TP2-G2-r0-a145952f,P0,TP2,G2,2,decode:b1,True,,0.251957415325589,0.2556453450980392,12.272919709803922,0,1,28199,1,256,255,65,65,65,1,1,1,16.883076633858266,0.9706433391245862,0.0006725000914827572,"[[""_post_update_kernel"", 0.00021205495665702688], [""_gather_block_tables_kernel"", 0.0002008171079219718], [""_compute_slot_mappings_kernel"", 0.00016113984832874964], [""_prepare_pos_seq_lens_kernel"", 7.873290436577844e-05], [""_apply_write_kernel"", 1.8785318283345633e-05]]",12.3867015600842,0.17835515169242605,2.944037639313408,0.4223097740201417,0.42131346246239515,0.016835522824733953,0.00687220933464368,0.011020558852516784,0.49563075527379946,trace.sqlite,256,12.502096690196078,trace.sqlite,0.16567727058823528,16.4999846,256,256,-0.19561191772296982,False,,12.502096690196078,unfused path: the AR kernels are comm only
P2-trace-TP2-AR1-r0-d50c54a9,P2,TP2,AR1,2,decode:b1,True,,0.042811201442331304,0.21716017647058822,0.07751932549019608,0,0,72799,0,256,255,65,65,65,1,1,1,13.257732102362205,0.30276581057919066,0.0028574642342345897,"[[""_post_update_kernel"", 0.0009268476107190216], [""_gather_block_tables_kernel"", 0.0008495330541614883], [""_compute_slot_mappings_kernel"", 0.000646094540417212], [""_prepare_pos_seq_lens_kernel"", 0.000348258179895179], [""_apply_write_kernel"", 8.263039342796992e-05]]",0.28930310209483434,0.007697234338619206,2.967627097548049,0.40365154603836123,0.3064388693718723,0.01854597685315241,0.0092543530035893,0.011469827164973037,9.243744095948754,trace.sqlite,256,0.251533231372549,trace.sqlite,0.12788255294117645,3.954364898039216,256,256,0.04133653066773224,False,,0.251533231372549,unfused path: the AR kernels are comm only
P2-trace-TP2-AR1-r0-d50c54a9,P2,TP2,AR1,2,decode:b1,True,,0.042811201442331304,0.21716017647058822,0.07751932549019608,0,1,72800,1,256,255,65,65,65,1,1,1,13.23385557480315,0.2998637125751387,0.0028562996788627443,"[[""_gather_block_tables_kernel"", 0.0008874886163301042], [""_post_update_kernel"", 0.0008849804206856688], [""_compute_slot_mappings_kernel"", 0.0006763738183423769], [""_prepare_pos_seq_lens_kernel"", 0.0003216126268939695], [""_apply_write_kernel"", 8.186088004204909e-05]]",0.2708801788202009,0.00742188019297931,2.9315071986653143,0.398142882135373,0.30874579358851917,0.0309618990055088,0.009358426352474592,0.011334805583298808,9.26550251045948,trace.sqlite,256,0.2598692392156863,trace.sqlite,0.1296255843137255,3.9421992392156864,256,256,0.044285872216930366,False,,0.2598692392156863,unfused path: the AR kernels are comm only
P2-trace-TP2-AR2-r0-503e794d,P2,TP2,AR2,2,decode:b1,True,,0.040902005512396866,0.2952008392156863,0.11445263529411764,0,0,73867,0,256,255,65,65,65,1,1,1,14.222495196850392,0.2830988951869679,0.002881420608038271,"[[""_post_update_kernel"", 0.0009251827939543202], [""_gather_block_tables_kernel"", 0.0008495026135370486], [""_compute_slot_mappings_kernel"", 0.0006669929903347387], [""_prepare_pos_seq_lens_kernel"", 0.0003606846440646181], [""_apply_write_kernel"", 7.499617745525985e-05]]",0.3345864452636979,0.006870050030119492,2.9402637844932014,0.3976233570457394,0.3088567409203556,0.01746067450633597,0.009109951563616102,0.011601673207237338,10.196122519820088,trace.sqlite,256,0.3216847333333333,trace.sqlite,0.12758483137254903,3.987916678431373,256,256,0.04844140517850626,False,,0.3216847333333333,unfused path: the AR kernels are comm only
P2-trace-TP2-AR2-r0-503e794d,P2,TP2,AR2,2,decode:b1,True,,0.040902005512396866,0.2952008392156863,0.11445263529411764,0,1,73868,1,256,255,65,65,65,1,1,1,14.221522688976377,0.28734917268049964,0.0027285095278386335,"[[""_post_update_kernel"", 0.0008590237957946281], [""_gather_block_tables_kernel"", 0.0008293060115147871], [""_compute_slot_mappings_kernel"", 0.0006328148930293158], [""_prepare_pos_seq_lens_kernel"", 0.00031952011095021267], [""_apply_write_kernel"", 8.396557878026498e-05]]",0.39312148495926186,0.008622191425690965,2.9322207679181633,0.39378825904618464,0.3066365534277272,0.031480689686404745,0.00952266156264163,0.01115017090824245,10.13497991004206,trace.sqlite,256,0.38316958039215687,trace.sqlite,0.1297012117647059,4.051110890196078,256,256,0.033362605846287585,False,,0.38316958039215687,unfused path: the AR kernels are comm only
P2-trace-TP2-AR3-r0-6a72aec8,P2,TP2,AR3,2,decode:b1,True,,0.07509275666346038,0.4055132784313726,0.06925578039215687,0,0,74946,0,256,255,65,65,65,1,1,1,29.248145464566928,0.14208507024906122,0.002779246648674084,"[[""_post_update_kernel"", 0.0008783129412985915], [""_gather_block_tables_kernel"", 0.0007973320949642415], [""_compute_slot_mappings_kernel"", 0.0006660326315920218], [""_prepare_pos_seq_lens_kernel"", 0.0003562561104681332], [""_apply_write_kernel"", 7.747950215775617e-05]]",0.45210609474816205,0.006829698594805714,2.9535935577719803,0.3910359508089406,0.3144196540927649,0.017226087253789848,0.008963975485794883,0.011549784231515483,25.092420661579173,trace.sqlite,256,0.4395051372549019,trace.sqlite,0.1283401411764706,4.099711219607842,256,256,0.07556558931590995,False,,0.4395051372549019,unfused path: the AR kernels are comm only
P2-trace-TP2-AR3-r0-6a72aec8,P2,TP2,AR3,2,decode:b1,True,,0.07509275666346038,0.4055132784313726,0.06925578039215687,0,1,74947,1,256,255,65,65,65,1,1,1,29.258860807086613,0.14226335348516073,0.0027413217150376117,"[[""_post_update_kernel"", 0.0008683210093759429], [""_gather_block_tables_kernel"", 0.0008425497978638662], [""_compute_slot_mappings_kernel"", 0.0006192288162224045], [""_prepare_pos_seq_lens_kernel"", 0.0003285612792155628], [""_apply_write_kernel"", 7.874180958566374e-05]]",0.45440267746939667,0.008734128988353124,2.94578666911836,0.38974813138796954,0.3125512314294785,0.03062510288528667,0.009205064280277425,0.011410652012556121,25.096397149514935,trace.sqlite,256,0.44077720000000004,trace.sqlite,0.13063502352941178,4.10390508627451,256,256,0.07461992401101081,False,,0.44077720000000004,unfused path: the AR kernels are comm only
P2-trace-TP1-G1-r0-075888da,P2,TP1,G1,1,decode:b1,True,,0.2846248919174402,,,0,0,76025,0,256,255,0,0,0,0,0,0,10.776534232283463,0.5724472764756934,0.0018669303251837145,"[[""_post_update_kernel"", 0.0005995762139444673], [""_gather_block_tables_kernel"", 0.0005561081647880072], [""_compute_slot_mappings_kernel"", 0.00042944384759199345], [""_prepare_pos_seq_lens_kernel"", 0.00022975492061635006], [""_apply_write_kernel"", 4.952834997324394e-05]]",0.0,0.0,5.339515467848823,0.4417038432243915,0.3506553583445042,0.018259952063995586,0.007345960807833153,0.01151708882819743,4.607536561165718,trace.sqlite,256,0.0,trace.sqlite,0.1419702117647059,6.144841317647058,256,256,0.2846248919174402,,,,
P2-trace-TP2-G1-r0-faa4b0ea,P2,TP2,G1,2,decode:b1,True,,0.2078627376766924,0.33598559999999994,9.553666156862745,0,0,76954,0,256,255,65,65,65,1,1,1,14.033242988188977,0.293453685619255,0.002902860308078062,"[[""_post_update_kernel"", 0.0009399705967849105], [""_gather_block_tables_kernel"", 0.0008890139389259204], [""_compute_slot_mappings_kernel"", 0.0006497463562829146], [""_prepare_pos_seq_lens_kernel"", 0.00033995076976139286], [""_apply_write_kernel"", 8.009083436119883e-05]]",0.4568994506854426,0.008931930775846381,2.984563130934051,0.4214105917916125,0.1954493009282513,0.032355540147972664,0.006542641816466072,0.011954288994980364,9.915136112114354,trace.sqlite,256,0.43958431764705885,trace.sqlite,0.0,4.080430423529412,256,256,0.6325626745795045,True,0.1419702117647059,0.29761410588235293,fused AR (trace.sqlite) - TP1 G1 fused_add_rms_norm
P2-trace-TP2-G1-r0-faa4b0ea,P2,TP2,G1,2,decode:b1,True,,0.2078627376766924,0.33598559999999994,9.553666156862745,0,1,76955,1,256,255,65,65,65,1,1,1,13.969478881889763,0.9606895963949296,0.0008273514311772781,"[[""_post_update_kernel"", 0.00026215346870534515], [""_gather_block_tables_kernel"", 0.0002458921540879672], [""_compute_slot_mappings_kernel"", 0.00019900954029063557], [""_prepare_pos_seq_lens_kernel"", 9.614637034192076e-05], [""_apply_write_kernel"", 2.3002971990166666e-05]]",9.646221424712683,0.18445934270647746,2.9401210284791763,0.42341591058746547,0.19085901074143666,0.017329357355512793,0.00682362256908963,0.011103331738327976,0.5491458529995946,trace.sqlite,256,9.739882219607843,trace.sqlite,0.0,13.51310600392157,256,256,-0.21683719922611977,True,0.1419702117647059,9.597912007843137,fused AR (trace.sqlite) - TP1 G1 fused_add_rms_norm
